rpierce0,Ralph,Pierce,rpierce0@merriam-webster.com,OzWbgy
ysturmey1,Yardley,Sturmey,ysturmey1@cdbaby.com,Rdp9cFa
lcreber2,Ludovika,Creber,lcreber2@ftc.gov,bMBVqBLvpV
hblew3,Hortensia,Blew,hblew3@flavors.me,ToLTWqG
ccrutchley4,Coralie,Crutchley,ccrutchley4@usnews.com,awBINRqUQw
fbabalola5,Filbert,Babalola,fbabalola5@chicagotribune.com,jgqF0yOx1KoX
kmordon6,Kristoforo,Mordon,kmordon6@livejournal.com,2z4OsPYU
csecrett7,Cordi,Secrett,csecrett7@sun.com,Ij7hlnt37M1
ctruggian8,Catie,Truggian,ctruggian8@sogou.com,8nktF5
dbernasek9,Deloria,Bernasek,dbernasek9@redcross.org,BgFEZh5
